-- phpMyAdmin SQL Dump
-- version 3.5.5
-- http://www.phpmyadmin.net
--
-- Host: localhost
-- Generation Time: Jun 04, 2014 at 04:49 AM
-- Server version: 5.5.33-31.1
-- PHP Version: 5.4.23

SET SQL_MODE="NO_AUTO_VALUE_ON_ZERO";
SET time_zone = "+00:00";


/*!40101 SET @OLD_CHARACTER_SET_CLIENT=@@CHARACTER_SET_CLIENT */;
/*!40101 SET @OLD_CHARACTER_SET_RESULTS=@@CHARACTER_SET_RESULTS */;
/*!40101 SET @OLD_COLLATION_CONNECTION=@@COLLATION_CONNECTION */;
/*!40101 SET NAMES utf8 */;

--
-- Database: `patient`
--

-- --------------------------------------------------------

--
-- Table structure for table `decision_support`
--

CREATE TABLE IF NOT EXISTS `decision_support` (
  `id` int(11) NOT NULL AUTO_INCREMENT,
  `entry_time` timestamp NOT NULL DEFAULT '0000-00-00 00:00:00' ON UPDATE CURRENT_TIMESTAMP,
  `patientID` int(11) NOT NULL,
  `stateID` int(11) NOT NULL,
  `optimal_action` varchar(100) COLLATE utf8_unicode_ci NOT NULL,
  `alternative_action` varchar(100) COLLATE utf8_unicode_ci DEFAULT NULL,
  `next_probable_state` varchar(100) COLLATE utf8_unicode_ci DEFAULT NULL,
  `probability_percent` int(3) DEFAULT NULL,
  PRIMARY KEY (`id`)
) ENGINE=MyISAM  DEFAULT CHARSET=utf8 COLLATE=utf8_unicode_ci AUTO_INCREMENT=5 ;

--
-- Dumping data for table `decision_support`
--

INSERT INTO `decision_support` (`id`, `entry_time`, `patientID`, `stateID`, `optimal_action`, `alternative_action`, `next_probable_state`, `probability_percent`) VALUES
(1, '2014-06-04 07:46:17', 1, 4, 'Ventilator', 'CLINDAMYCIN', 'No SIRS2', 71),
(2, '2014-06-04 07:46:22', 2, 204, 'IV_Fluid', 'AZITHROMYCIN', 'SepticShockSIRS1', 43),
(3, '2014-06-04 07:46:13', 3, 115, 'Vasopressor', 'RIFAXIMIN', 'SepticShock2', 68),
(4, '2014-06-04 07:46:25', 4, 200, 'Vasopressor', 'RIFAXIMIN', 'Bacteremia2', 82);

-- --------------------------------------------------------

--
-- Table structure for table `events`
--

CREATE TABLE IF NOT EXISTS `events` (
  `id` int(11) NOT NULL AUTO_INCREMENT,
  `patientID` int(11) NOT NULL,
  `stateID` int(11) NOT NULL,
  `name` varchar(100) COLLATE utf8_unicode_ci NOT NULL,
  `info` varchar(100) COLLATE utf8_unicode_ci DEFAULT NULL,
  `time` timestamp NOT NULL DEFAULT CURRENT_TIMESTAMP ON UPDATE CURRENT_TIMESTAMP,
  PRIMARY KEY (`id`)
) ENGINE=MyISAM  DEFAULT CHARSET=utf8 COLLATE=utf8_unicode_ci AUTO_INCREMENT=101 ;

--
-- Dumping data for table `events`
--

INSERT INTO `events` (`id`, `patientID`, `stateID`, `name`, `info`, `time`) VALUES
(1, 2, 204, 'IV_Fluid', '30ml', '2013-04-15 13:11:26'),
(2, 2, 204, 'Vasopressor', '1mcg', '2013-04-15 13:12:26'),
(3, 2, 204, 'VANCOMYCIN', '125mg', '2013-04-15 13:13:26'),
(4, 2, 204, 'MEROPENEM', '500mg', '2013-04-15 13:14:26'),
(5, 2, 204, 'RIFAXIMIN', '300mg', '2013-04-15 13:15:26'),
(6, 2, 204, 'METRONIDAZOLE', '500mg', '2013-04-15 13:16:26'),
(7, 2, 204, 'CLINDAMYCIN', '75mg', '2013-04-15 13:26:26'),
(8, 2, 204, 'AZITHROMYCIN', '500mg', '2013-04-16 23:16:26'),
(9, 2, 204, 'IV_Fluid', '20ml', '2013-04-16 23:46:26'),
(10, 2, 204, 'IV_Fluid', '10ml', '2013-04-16 23:56:26'),
(11, 1, 2, 'Vasopressor', '0.5mcg', '2013-08-01 17:06:07'),
(12, 1, 2, 'VANCOMYCIN', '125mg', '2013-08-01 17:16:07'),
(13, 1, 2, 'Ventilator', '', '2013-08-01 17:26:07'),
(14, 1, 3, 'RIFAXIMIN', '500mg', '2013-08-01 17:36:07'),
(15, 1, 3, 'MEROPENEM', '500mg', '2013-08-01 17:46:07'),
(16, 1, 3, 'CEFTRIAXONE', '2g', '2013-08-01 17:56:07'),
(17, 1, 3, 'CEFEPIME', '1g', '2013-08-02 16:03:07'),
(18, 1, 3, 'CLINDAMYCIN', '300mg', '2013-08-02 16:05:07'),
(19, 1, 4, 'AZITHROMYCIN', '500mg', '2013-08-02 16:07:07'),
(20, 1, 4, 'IV_Fluid', '100ml', '2013-08-02 16:10:07'),
(21, 3, 34, 'MEROPENEM', '500mg', '2013-11-05 10:11:07'),
(22, 3, 34, 'METRONIDAZOLE', '750mg', '2013-11-05 10:16:07'),
(23, 3, 34, 'CEFEPIME', '2g', '2013-11-05 10:29:07'),
(24, 3, 34, 'RIFAXIMIN', '550mg', '2013-11-05 10:42:07'),
(25, 3, 34, 'Ventilator', '', '2013-11-05 10:52:07'),
(26, 3, 115, 'Vasopressor', '2mcg', '2013-11-05 10:58:07'),
(27, 3, 115, 'IV_Fluid', '100ml', '2013-11-06 20:24:07'),
(28, 3, 115, 'CEFTRIAXONE', '2g', '2013-11-06 20:34:07'),
(29, 3, 115, 'RIFAXIMIN', '550mg', '2013-11-06 20:44:07'),
(30, 3, 115, 'METRONIDAZOLE', '600mg', '2013-11-06 20:54:07'),
(91, 4, 200, 'MEROPENEM', '500mg', '2013-12-04 19:12:37'),
(92, 4, 200, 'METRONIDAZOLE', '550mg', '2013-12-04 19:14:37'),
(93, 4, 200, 'CEFEPIME', '2g', '2013-12-04 19:16:37'),
(94, 4, 200, 'RIFAXIMIN', '550mg', '2013-12-04 19:17:37'),
(95, 4, 200, 'Ventilator', '', '2013-12-04 19:18:37'),
(96, 4, 200, 'Vasopressor', '1mcg', '2013-12-04 19:19:37'),
(97, 4, 200, 'IV_Fluid', '100ml', '2013-12-04 19:25:37'),
(98, 4, 200, 'CEFTRIAXONE', '2g', '2013-12-04 19:27:37'),
(99, 4, 200, 'RIFAXIMIN', '550mg', '2013-12-14 19:12:37'),
(100, 4, 200, 'METRONIDAZOLE', '750mg', '2013-12-14 19:18:37');

-- --------------------------------------------------------

--
-- Table structure for table `patientinfo`
--

CREATE TABLE IF NOT EXISTS `patientinfo` (
  `patientID` int(11) NOT NULL AUTO_INCREMENT,
  `name` varchar(100) COLLATE utf8_unicode_ci NOT NULL,
  `sex` char(1) COLLATE utf8_unicode_ci NOT NULL,
  `hosp_admission` datetime DEFAULT NULL,
  `dob` date DEFAULT NULL,
  PRIMARY KEY (`patientID`)
) ENGINE=MyISAM  DEFAULT CHARSET=utf8 COLLATE=utf8_unicode_ci AUTO_INCREMENT=7 ;

--
-- Dumping data for table `patientinfo`
--

INSERT INTO `patientinfo` (`patientID`, `name`, `sex`, `hosp_admission`, `dob`) VALUES
(1, 'Mary Lee', 'F', '2013-04-11 14:42:00', '1972-12-27'),
(2, 'John Doe', 'M', '2012-02-14 08:28:00', '1964-08-14'),
(3, 'Carla Bloggs', 'F', '2013-02-14 08:28:00', '1967-10-12'),
(4, 'Richard Miles', 'M', '2012-01-12 08:28:00', '1983-10-14');

-- --------------------------------------------------------

--
-- Table structure for table `patients`
--

CREATE TABLE IF NOT EXISTS `patients` (
  `entryID` int(11) NOT NULL AUTO_INCREMENT,
  `entryType` varchar(100) COLLATE utf8_unicode_ci DEFAULT NULL,
  `sepsisDataType` varchar(100) COLLATE utf8_unicode_ci DEFAULT NULL,
  `entryName` varchar(100) COLLATE utf8_unicode_ci DEFAULT NULL,
  `entryTime` timestamp NOT NULL DEFAULT CURRENT_TIMESTAMP,
  `value` varchar(500) COLLATE utf8_unicode_ci DEFAULT NULL,
  `patientID` int(11) NOT NULL,
  `StateTransition` varchar(50) COLLATE utf8_unicode_ci DEFAULT NULL,
  `currentState` varchar(50) COLLATE utf8_unicode_ci NOT NULL,
  `stateID` int(11) NOT NULL,
  PRIMARY KEY (`entryID`)
) ENGINE=MyISAM  DEFAULT CHARSET=utf8 COLLATE=utf8_unicode_ci AUTO_INCREMENT=12 ;

--
-- Dumping data for table `patients`
--

INSERT INTO `patients` (`entryID`, `entryType`, `sepsisDataType`, `entryName`, `entryTime`, `value`, `patientID`, `StateTransition`, `currentState`, `stateID`) VALUES
(1, 'FLOWSHEET', '', 'Removal Date', '2012-09-21 05:00:00', '62729', 1, 'Yes', 'SepticShockSIRS2', 2),
(2, 'FLOWSHEET', '', 'Removal Date', '2012-09-21 05:00:00', '62728', 1, '', 'SepticShockSIRS2', 2),
(3, 'FLOWSHEET', 'Blood_Pressure', 'BP', '2012-09-22 12:00:00', '92/30', 1, 'Yes', 'SepticShockSIRS1', 3),
(4, 'FLOWSHEET', 'Respiratory_Rate', 'Resp', '2012-09-22 12:00:00', '22', 1, '', 'SepticShockSIRS1', 3),
(5, 'FLOWSHEET', 'Heart_Rate', 'Pulse', '2012-09-22 14:20:00', '96', 1, '', 'SepticShockSIRS1', 3),
(6, 'FLOWSHEET', 'Blood_Pressure', 'BP', '2012-09-22 14:20:00', '83/36', 1, 'Yes', 'SepticShockSIRS2', 4),
(7, 'FLOWSHEET', '', 'Score (Glasgow Coma Scale)', '2012-09-28 16:20:00', '3', 2, 'Yes', 'SIRS2', 204),
(8, 'FLOWSHEET', '', 'Peripheral Neurovascular WDL', '2012-10-02 16:20:00', 'WDL', 2, '', 'SIRS2', 204),
(9, 'FLOWSHEET', 'Oxygen_Amount', 'Flow (L/Min)(Oxygen Therapy)', '2012-10-03 23:00:00', '4', 3, 'Yes', 'SepticShockSIRS1', 34),
(10, 'LAB', 'Culture', 'CULTURE BLOOD', '2012-10-13 00:30:00', 'ESCHERICHIA COLI', 3, 'Yes', 'Bacteremia2', 115),
(11, 'FLOWSHEET', '', 'Venous Thromboembolism Prevention', '2012-10-29 04:26:00', 'anticoagulant adjustment;positioned;active ROM performed;sequential compression devices on', 4, 'Yes', 'No SIRS2', 200);

-- --------------------------------------------------------

--
-- Table structure for table `states`
--

CREATE TABLE IF NOT EXISTS `states` (
  `stateID` int(11) NOT NULL AUTO_INCREMENT,
  `States` varchar(16) DEFAULT NULL,
  `SIRS_criteria_active` int(11) DEFAULT NULL,
  `SIRS_Vitals_available` int(11) DEFAULT NULL,
  `HR` int(4) DEFAULT NULL,
  `HR_time` timestamp NULL DEFAULT NULL,
  `Platelets` int(3) DEFAULT NULL,
  `Platelets_time` timestamp NULL DEFAULT NULL,
  `Bilirubin` decimal(3,1) DEFAULT NULL,
  `Bilirubin_time` timestamp NULL DEFAULT NULL,
  `GCS` int(2) DEFAULT NULL,
  `GCS_time` timestamp NULL DEFAULT NULL,
  `Creatinine` decimal(3,2) DEFAULT NULL,
  `Creatinine_time` timestamp NULL DEFAULT NULL,
  `Lactic` decimal(3,1) DEFAULT NULL,
  `Lactic_time` timestamp NULL DEFAULT NULL,
  `P/F` decimal(3,1) DEFAULT NULL,
  `P/F_time` timestamp NULL DEFAULT NULL,
  `SIRS` int(1) DEFAULT NULL,
  `SS` int(11) DEFAULT NULL,
  `SOFA` int(1) DEFAULT NULL,
  `Positive` varchar(7) DEFAULT NULL,
  `Culture` varchar(16) DEFAULT NULL,
  `AI` varchar(19) DEFAULT NULL,
  PRIMARY KEY (`stateID`)
) ENGINE=MyISAM  DEFAULT CHARSET=utf8 AUTO_INCREMENT=205 ;

--
-- Dumping data for table `states`
--

INSERT INTO `states` (`stateID`, `States`, `SIRS_criteria_active`, `SIRS_Vitals_available`, `HR`, `HR_time`, `Platelets`, `Platelets_time`, `Bilirubin`, `Bilirubin_time`, `GCS`, `GCS_time`, `Creatinine`, `Creatinine_time`, `Lactic`, `Lactic_time`, `P/F`, `P/F_time`, `SIRS`, `SS`, `SOFA`, `Positive`, `Culture`, `AI`) VALUES
(2, 'SepticShockSIRS2', 2, 4, 105, '2021-09-12 05:00:00', 127, '2021-09-12 05:00:00', '27.0', '2021-09-12 05:00:00', 15, '2021-09-12 05:00:00', '4.50', '2021-09-12 05:00:00', '2.5', '2021-09-12 05:00:00', '2.5', '2021-09-12 05:00:00', 1, 0, 2, '0', NULL, NULL),
(3, 'SepticShockSIRS1', 3, 4, NULL, NULL, 128, '2022-09-12 08:18:00', '25.6', '2022-09-12 08:12:00', 15, '2022-09-12 06:00:00', '4.86', '2022-09-12 08:12:00', '2.2', '2021-09-13 00:51:00', '1.0', '0000-00-00 00:00:00', 1, NULL, NULL, NULL, NULL, NULL),
(4, 'SepticShockSIRS2', 3, 4, NULL, NULL, 128, '2022-09-12 08:18:00', '25.6', '2022-09-12 08:12:00', 15, '2022-09-12 13:20:00', '4.86', '2022-09-12 08:12:00', '2.2', '2021-09-13 00:51:00', '1.0', '0000-00-00 00:00:00', 2, NULL, NULL, NULL, NULL, NULL),
(5, 'SepticShockSIRS1', 3, 4, NULL, NULL, 128, '2022-09-12 08:18:00', '25.6', '2022-09-12 08:12:00', 15, '2022-09-12 13:20:00', '4.86', '2022-09-12 08:12:00', '2.2', '2021-09-13 00:51:00', '1.0', '0000-00-00 00:00:00', 1, NULL, NULL, NULL, NULL, NULL),
(6, 'No SIRS1', 1, 4, 89, '2022-09-12 16:30:00', NULL, NULL, NULL, NULL, NULL, NULL, NULL, NULL, NULL, NULL, NULL, NULL, 0, 0, 1, NULL, NULL, NULL),
(7, 'No SIRS2', 1, 4, NULL, NULL, 128, '2022-09-12 08:18:00', '25.6', '2022-09-12 08:12:00', 15, '2022-09-12 17:00:00', '4.86', '2022-09-12 08:12:00', '2.2', '2021-09-13 00:51:00', '0.0', '0000-00-00 00:00:00', 2, NULL, NULL, NULL, NULL, NULL),
(8, 'SepticShockSIRS2', 2, 4, 91, '2022-09-12 18:00:00', NULL, NULL, NULL, NULL, NULL, NULL, NULL, NULL, NULL, NULL, NULL, NULL, 1, 0, 2, NULL, NULL, NULL),
(9, 'No SIRS2', 1, 4, 89, '2022-09-12 20:10:00', NULL, NULL, NULL, NULL, NULL, NULL, NULL, NULL, NULL, NULL, NULL, NULL, 0, 0, 2, NULL, NULL, NULL),
(10, 'No SIRS1', 1, 4, NULL, NULL, 128, '2022-09-12 08:18:00', '25.6', '2022-09-12 08:12:00', 15, '2022-09-12 19:00:00', '4.18', '2022-09-12 18:02:00', '2.2', '2021-09-13 00:51:00', '0.0', '0000-00-00 00:00:00', 1, NULL, NULL, NULL, NULL, NULL),
(11, 'SepticShockSIRS1', 2, 4, 89, '2022-09-12 20:10:00', 1, '0000-00-00 00:00:00', '1.0', NULL, NULL, NULL, NULL, NULL, NULL, NULL, NULL, NULL, NULL, NULL, NULL, NULL, NULL, NULL),
(12, 'No SIRS1', 1, 4, 89, '2022-09-12 21:00:00', NULL, NULL, NULL, NULL, NULL, NULL, NULL, NULL, NULL, NULL, NULL, NULL, 0, 0, 1, NULL, NULL, NULL),
(13, 'SepticShockSIRS1', 2, 4, 91, '2022-09-12 22:30:00', 1, '0000-00-00 00:00:00', '1.0', NULL, NULL, NULL, NULL, NULL, NULL, NULL, NULL, NULL, NULL, NULL, NULL, NULL, NULL, NULL),
(14, 'SepticShockSIRS2', 2, 4, NULL, NULL, 128, '2022-09-12 08:18:00', '25.6', '2022-09-12 08:12:00', 15, '2022-09-12 21:00:00', '4.18', '2022-09-12 18:02:00', '2.2', '2021-09-13 00:51:00', '1.0', '0000-00-00 00:00:00', 2, NULL, NULL, NULL, NULL, NULL),
(15, 'SepticShockSIRS1', 2, 4, NULL, NULL, 128, '2022-09-12 08:18:00', '25.6', '2022-09-12 08:12:00', 15, '2022-09-12 21:00:00', '4.18', '2022-09-12 18:02:00', '2.2', '2021-09-13 00:51:00', '1.0', '0000-00-00 00:00:00', 1, NULL, NULL, NULL, NULL, NULL),
(16, 'No SIRS1', 1, 4, 89, '2022-09-12 23:10:00', NULL, NULL, NULL, NULL, NULL, NULL, NULL, NULL, NULL, NULL, NULL, NULL, 0, 0, 1, NULL, NULL, NULL),
(17, 'No SIRS2', 1, 4, NULL, NULL, 128, '2022-09-12 08:18:00', '25.6', '2022-09-12 08:12:00', 15, '2022-09-12 23:00:00', '4.18', '2022-09-12 18:02:00', '2.2', '2021-09-13 00:51:00', '0.0', '0000-00-00 00:00:00', 2, NULL, NULL, NULL, NULL, NULL),
(18, 'SepticShockSIRS2', 2, 4, 90, '2022-09-13 00:00:00', NULL, NULL, NULL, NULL, NULL, NULL, NULL, NULL, NULL, NULL, NULL, NULL, 1, 0, 2, NULL, NULL, NULL),
(19, 'No SIRS2', 1, 4, 87, '2022-09-13 02:00:00', NULL, NULL, NULL, NULL, NULL, NULL, NULL, NULL, NULL, NULL, NULL, NULL, 0, 0, 2, NULL, NULL, NULL),
(20, 'SepticShockSIRS2', 2, 4, 92, '2022-09-13 03:00:00', NULL, NULL, NULL, NULL, NULL, NULL, NULL, NULL, NULL, NULL, NULL, NULL, 1, 0, 2, NULL, NULL, NULL),
(21, 'SepticShockSIRS1', 2, 4, NULL, NULL, 128, '2022-09-12 08:18:00', '25.6', '2022-09-12 08:12:00', 15, '2022-09-13 02:00:00', '4.50', '2022-09-13 01:17:00', '2.2', '2021-09-13 00:51:00', '1.0', '0000-00-00 00:00:00', 1, NULL, NULL, NULL, NULL, NULL),
(22, 'SIRS1', 2, 4, NULL, NULL, NULL, NULL, NULL, NULL, NULL, NULL, NULL, NULL, NULL, NULL, NULL, NULL, 1, 0, 1, NULL, NULL, NULL),
(23, 'SIRS2', 3, 4, NULL, NULL, 121, '2023-09-12 06:05:00', '26.7', '2023-09-12 06:43:00', 3, '2023-09-12 08:00:00', '4.45', '2023-09-12 06:43:00', '2.2', '2021-09-13 00:51:00', '1.0', '0000-00-00 00:00:00', 2, NULL, NULL, NULL, NULL, NULL),
(24, 'SepticShockSIRS2', 3, 4, NULL, NULL, NULL, NULL, NULL, NULL, NULL, NULL, NULL, NULL, NULL, NULL, NULL, NULL, 1, 0, 2, NULL, NULL, NULL),
(25, 'SIRS2', 2, 4, NULL, NULL, NULL, NULL, NULL, NULL, NULL, NULL, NULL, NULL, NULL, NULL, NULL, NULL, 1, 0, 2, NULL, NULL, NULL),
(26, 'SepticShockSIRS2', 3, 4, NULL, NULL, NULL, NULL, NULL, NULL, NULL, NULL, NULL, NULL, NULL, NULL, NULL, NULL, 1, 0, 2, NULL, NULL, NULL),
(27, 'SepticShockSIRS2', 2, 4, NULL, NULL, NULL, NULL, NULL, NULL, NULL, NULL, NULL, NULL, NULL, NULL, NULL, NULL, 1, 0, 2, 'culture', NULL, NULL),
(28, 'SIRS2', 2, 4, NULL, NULL, NULL, NULL, NULL, NULL, NULL, NULL, NULL, NULL, NULL, NULL, NULL, NULL, 1, 0, 2, NULL, NULL, NULL),
(29, 'SepticShockSIRS2', 3, 4, NULL, NULL, NULL, NULL, NULL, NULL, NULL, NULL, NULL, NULL, NULL, NULL, NULL, NULL, 1, 0, 2, NULL, NULL, NULL),
(30, 'SIRS2', 3, 4, NULL, NULL, NULL, NULL, NULL, NULL, NULL, NULL, NULL, NULL, NULL, NULL, NULL, NULL, 1, 0, 2, NULL, NULL, NULL),
(31, 'SIRS1', 3, 4, NULL, NULL, 124, '2023-09-12 12:30:00', '26.7', '2023-09-12 06:43:00', 15, '2023-09-12 17:00:00', '4.45', '2023-09-12 06:43:00', '2.2', '2021-09-13 00:51:00', '1.0', '0000-00-00 00:00:00', 1, NULL, NULL, NULL, NULL, NULL),
(32, 'No SIRS1', 1, 4, 86, '2023-09-12 19:00:00', NULL, NULL, NULL, NULL, NULL, NULL, NULL, NULL, NULL, NULL, NULL, NULL, 0, 0, 1, NULL, NULL, NULL),
(33, 'SIRS1', 2, 4, 86, '2023-09-12 19:00:00', NULL, NULL, NULL, NULL, NULL, NULL, NULL, NULL, NULL, NULL, NULL, NULL, 1, 0, 1, NULL, NULL, NULL),
(34, 'SepticShockSIRS1', 3, 4, NULL, NULL, NULL, NULL, NULL, NULL, NULL, NULL, NULL, NULL, NULL, NULL, NULL, NULL, NULL, NULL, NULL, NULL, NULL, NULL),
(35, 'SIRS1', 2, 4, NULL, NULL, NULL, NULL, NULL, NULL, NULL, NULL, NULL, NULL, NULL, NULL, NULL, NULL, 1, 0, 1, NULL, NULL, NULL),
(36, 'SIRS2', 4, 4, NULL, NULL, 145, '2024-09-12 06:44:00', '35.2', '2024-09-12 07:05:00', 14, '2024-09-12 07:00:00', '5.21', '2024-09-12 07:05:00', '2.2', '2021-09-13 00:51:00', '1.0', '0000-00-00 00:00:00', 2, NULL, NULL, NULL, NULL, NULL),
(37, 'SepticShockSIRS2', 3, 4, NULL, NULL, NULL, NULL, NULL, NULL, NULL, NULL, NULL, NULL, NULL, NULL, NULL, NULL, 1, 0, 2, NULL, NULL, NULL),
(38, 'SIRS2', 3, 4, NULL, NULL, NULL, NULL, NULL, NULL, NULL, NULL, NULL, NULL, NULL, NULL, NULL, NULL, 1, 0, 2, NULL, NULL, NULL),
(39, 'SepticShockSIRS2', 2, 4, NULL, NULL, NULL, NULL, NULL, NULL, NULL, NULL, NULL, NULL, NULL, NULL, NULL, NULL, 1, 0, 2, NULL, NULL, NULL),
(40, 'No SIRS2', 1, 4, 88, '2024-09-12 13:25:00', NULL, NULL, NULL, NULL, NULL, NULL, NULL, NULL, NULL, NULL, NULL, NULL, 0, 0, 2, NULL, NULL, NULL),
(41, 'SepticShockSIRS2', 2, 4, 88, '2024-09-12 13:25:00', NULL, NULL, NULL, NULL, NULL, NULL, NULL, NULL, NULL, NULL, NULL, NULL, 1, 0, 2, NULL, NULL, NULL),
(42, 'No SIRS2', 1, 4, 90, '2024-09-12 14:20:00', NULL, NULL, NULL, NULL, NULL, NULL, NULL, NULL, NULL, NULL, NULL, NULL, 0, 0, 2, NULL, NULL, NULL),
(43, 'SepticShockSIRS2', 2, 4, 99, '2024-09-12 14:39:00', NULL, NULL, NULL, NULL, NULL, NULL, NULL, NULL, NULL, NULL, NULL, NULL, 1, 0, 2, NULL, NULL, NULL),
(44, 'No SIRS2', 1, 4, 88, '2024-09-12 15:00:00', NULL, NULL, NULL, NULL, NULL, NULL, NULL, NULL, NULL, NULL, NULL, NULL, 0, 0, 2, NULL, NULL, NULL),
(45, 'SepticShockSIRS2', 2, 4, 86, '2024-09-12 17:00:00', NULL, NULL, NULL, NULL, NULL, NULL, NULL, NULL, NULL, NULL, NULL, NULL, 1, 0, 2, NULL, NULL, NULL),
(46, 'No SIRS2', 1, 4, 82, '2024-09-12 18:25:00', NULL, NULL, NULL, NULL, NULL, NULL, NULL, NULL, NULL, NULL, NULL, NULL, 0, 0, 2, NULL, NULL, NULL),
(47, 'No SIRS2', 1, 4, NULL, NULL, NULL, NULL, NULL, NULL, NULL, NULL, NULL, NULL, NULL, NULL, NULL, NULL, 0, 0, 2, NULL, NULL, NULL),
(48, 'No SIRS2', 1, 4, NULL, NULL, NULL, NULL, NULL, NULL, NULL, NULL, NULL, NULL, NULL, NULL, NULL, NULL, 0, 0, 2, NULL, NULL, NULL),
(49, 'No SIRS2', 1, 4, NULL, NULL, NULL, NULL, NULL, NULL, NULL, NULL, NULL, NULL, NULL, NULL, NULL, NULL, 0, 0, 2, NULL, NULL, NULL),
(50, 'SIRS2', 2, 4, 94, '2024-09-12 18:40:00', NULL, NULL, NULL, NULL, NULL, NULL, NULL, NULL, NULL, NULL, NULL, NULL, 1, 0, 2, NULL, NULL, NULL),
(51, 'No SIRS2', 1, 4, 82, '2024-09-12 19:00:00', NULL, NULL, NULL, NULL, NULL, NULL, NULL, NULL, NULL, NULL, NULL, NULL, 0, 0, 2, NULL, NULL, NULL),
(52, 'No SIRS2', 1, 4, NULL, NULL, NULL, NULL, NULL, NULL, NULL, NULL, NULL, NULL, NULL, NULL, NULL, NULL, 0, 0, 2, NULL, NULL, NULL),
(53, 'Bacteremia2', 1, 4, NULL, NULL, NULL, NULL, NULL, NULL, NULL, NULL, NULL, NULL, NULL, NULL, NULL, NULL, 0, 0, 2, '1', 'culture', 'ESCHERICHIA COLI'),
(54, 'SepticShock2', 2, 4, 85, '2024-09-12 22:15:00', NULL, NULL, NULL, NULL, NULL, NULL, NULL, NULL, NULL, NULL, NULL, NULL, 1, 0, 2, '1', NULL, NULL),
(55, 'Bacteremia2', 1, 4, 85, '2024-09-12 23:00:00', NULL, NULL, NULL, NULL, NULL, NULL, NULL, NULL, NULL, NULL, NULL, NULL, 0, 0, 2, '1', NULL, NULL),
(56, 'SepticShock2', 2, 4, 89, '2025-09-12 07:00:00', NULL, NULL, NULL, NULL, NULL, NULL, NULL, NULL, NULL, NULL, NULL, NULL, 1, 0, 2, '1', NULL, NULL),
(57, 'Bacteremia2', 1, 4, 82, '2025-09-12 07:55:00', NULL, NULL, NULL, NULL, NULL, NULL, NULL, NULL, NULL, NULL, NULL, NULL, 0, 0, 2, '1', NULL, NULL),
(58, 'SepticShock2', 2, 4, 92, '2025-09-12 13:00:00', NULL, NULL, NULL, NULL, NULL, NULL, NULL, NULL, NULL, NULL, NULL, NULL, 1, 0, 2, '1', NULL, NULL),
(59, 'Bacteremia2', 1, 4, 80, '2025-09-12 14:00:00', NULL, NULL, NULL, NULL, NULL, NULL, NULL, NULL, NULL, NULL, NULL, NULL, 0, 0, 2, '1', NULL, NULL),
(60, 'Bacteremia2', 1, 4, NULL, NULL, NULL, NULL, NULL, NULL, NULL, NULL, NULL, NULL, NULL, NULL, NULL, NULL, 0, 0, 2, '1', NULL, NULL),
(61, 'SEPSIS2', 2, 4, 85, '2025-09-12 15:00:00', NULL, NULL, NULL, NULL, NULL, NULL, NULL, NULL, NULL, NULL, NULL, NULL, 1, 0, 2, '1', NULL, NULL),
(62, 'SepticShock2', 2, 4, NULL, NULL, NULL, NULL, NULL, NULL, NULL, NULL, NULL, NULL, NULL, NULL, NULL, NULL, 1, 0, 2, '1', NULL, NULL),
(63, 'Bacteremia2', 1, 4, 84, '2025-09-12 18:00:00', NULL, NULL, NULL, NULL, NULL, NULL, NULL, NULL, NULL, NULL, NULL, NULL, 0, 0, 2, '1', NULL, NULL),
(64, 'SepticShock2', 2, 4, 85, '2025-09-12 20:00:00', NULL, NULL, NULL, NULL, NULL, NULL, NULL, NULL, NULL, NULL, NULL, NULL, 1, 0, 2, '1', NULL, NULL),
(65, 'Bacteremia2', 1, 4, 80, '2025-09-12 21:00:00', NULL, NULL, NULL, NULL, NULL, NULL, NULL, NULL, NULL, NULL, NULL, NULL, 0, 0, 2, '1', NULL, NULL),
(66, 'SepticShock2', 2, 4, 97, '2025-09-13 02:01:00', NULL, NULL, NULL, NULL, NULL, NULL, NULL, NULL, NULL, NULL, NULL, NULL, 1, 0, 2, '1', NULL, NULL),
(67, 'Bacteremia2', 1, 4, 87, '2025-09-13 02:20:00', NULL, NULL, NULL, NULL, NULL, NULL, NULL, NULL, NULL, NULL, NULL, NULL, 0, 0, 2, '1', NULL, NULL),
(68, 'SepticShock2', 2, 4, 91, '2025-09-13 02:40:00', NULL, NULL, NULL, NULL, NULL, NULL, NULL, NULL, NULL, NULL, NULL, NULL, 1, 0, 2, '1', NULL, NULL),
(69, 'SEPSIS2', 2, 4, NULL, NULL, NULL, NULL, NULL, NULL, NULL, NULL, NULL, NULL, NULL, NULL, NULL, NULL, 1, 0, 2, '1', NULL, NULL),
(70, 'Bacteremia2', 1, 4, 86, '2025-09-13 04:45:00', NULL, NULL, NULL, NULL, NULL, NULL, NULL, NULL, NULL, NULL, NULL, NULL, 0, 0, 2, '1', NULL, NULL),
(71, 'SEPSIS2', 2, 4, 86, '2025-09-13 04:45:00', NULL, NULL, NULL, NULL, NULL, NULL, NULL, NULL, NULL, NULL, NULL, NULL, 1, 0, 2, '1', NULL, NULL),
(72, 'SepticShock2', 3, 4, NULL, NULL, NULL, NULL, NULL, NULL, NULL, NULL, NULL, NULL, NULL, NULL, NULL, NULL, 1, 0, 2, '1', NULL, NULL),
(73, 'SEPSIS2', 2, 4, NULL, NULL, NULL, NULL, NULL, NULL, NULL, NULL, NULL, NULL, NULL, NULL, NULL, NULL, 1, 0, 2, '1', NULL, NULL),
(74, 'SepticShock2', 2, 4, NULL, NULL, NULL, NULL, NULL, NULL, NULL, NULL, NULL, NULL, NULL, NULL, NULL, NULL, 1, 0, 2, '1', NULL, NULL),
(75, 'Bacteremia2', 1, 4, 90, '2026-09-12 12:30:00', NULL, NULL, NULL, NULL, NULL, NULL, NULL, NULL, NULL, NULL, NULL, NULL, 0, 0, 2, '1', NULL, NULL),
(76, 'SepticShock2', 2, 4, 101, '2026-09-12 12:50:00', NULL, NULL, NULL, NULL, NULL, NULL, NULL, NULL, NULL, NULL, NULL, NULL, 1, 0, 2, '1', NULL, NULL),
(77, 'SEPSIS2', 3, 4, NULL, NULL, NULL, NULL, NULL, NULL, NULL, NULL, NULL, NULL, NULL, NULL, NULL, NULL, 1, 0, 2, '1', NULL, NULL),
(78, 'Bacteremia2', 1, 4, 89, '2026-09-12 14:00:00', NULL, NULL, NULL, NULL, NULL, NULL, NULL, NULL, NULL, NULL, NULL, NULL, 0, 0, 2, '1', NULL, NULL),
(79, 'Bacteremia2', 1, 4, NULL, NULL, NULL, NULL, NULL, NULL, NULL, NULL, NULL, NULL, NULL, NULL, NULL, NULL, 0, 0, 2, '1', NULL, NULL),
(80, 'SepticShock2', 2, 4, 98, '2026-09-12 16:20:00', NULL, NULL, NULL, NULL, NULL, NULL, NULL, NULL, NULL, NULL, NULL, NULL, 1, 0, 2, '1', NULL, NULL),
(81, 'SEPSIS2', 3, 4, NULL, NULL, NULL, NULL, NULL, NULL, NULL, NULL, NULL, NULL, NULL, NULL, NULL, NULL, 1, 0, 2, '1', NULL, NULL),
(82, 'SepticShock2', 2, 4, NULL, NULL, NULL, NULL, NULL, NULL, NULL, NULL, NULL, NULL, NULL, NULL, NULL, NULL, 1, 0, 2, '1', NULL, NULL),
(83, 'Bacteremia2', 1, 4, 87, '2026-09-12 18:00:00', NULL, NULL, NULL, NULL, NULL, NULL, NULL, NULL, NULL, NULL, NULL, NULL, 0, 0, 2, '1', NULL, NULL),
(84, 'SepticShock2', 2, 4, 100, '2026-09-12 20:00:00', NULL, NULL, NULL, NULL, NULL, NULL, NULL, NULL, NULL, NULL, NULL, NULL, 1, 0, 2, '1', NULL, NULL),
(85, 'SEPSIS2', 2, 4, NULL, NULL, NULL, NULL, NULL, NULL, NULL, NULL, NULL, NULL, NULL, NULL, NULL, NULL, 1, 0, 2, '1', NULL, NULL),
(86, 'SepticShock2', 3, 4, NULL, NULL, NULL, NULL, NULL, NULL, NULL, NULL, NULL, NULL, NULL, NULL, NULL, NULL, 1, 0, 2, '1', NULL, NULL),
(87, 'Bacteremia2', 1, 4, 86, '2026-09-12 23:00:00', NULL, NULL, NULL, NULL, NULL, NULL, NULL, NULL, NULL, NULL, NULL, NULL, 0, 0, 2, '1', NULL, NULL),
(88, 'SEPSIS2', 2, 4, 86, '2026-09-12 23:00:00', NULL, NULL, NULL, NULL, NULL, NULL, NULL, NULL, NULL, NULL, NULL, NULL, 1, 0, 2, '1', NULL, NULL),
(89, 'Bacteremia2', 1, 4, 86, '2026-09-12 23:00:00', NULL, NULL, NULL, NULL, NULL, NULL, NULL, NULL, NULL, NULL, NULL, NULL, 0, 0, 2, '1', NULL, NULL),
(90, 'SEPSIS2', 2, 4, 89, '2026-09-13 01:00:00', NULL, NULL, NULL, NULL, NULL, NULL, NULL, NULL, NULL, NULL, NULL, NULL, 1, 0, 2, '1', NULL, NULL),
(91, 'Bacteremia2', 1, 4, 89, '2026-09-13 01:00:00', NULL, NULL, NULL, NULL, NULL, NULL, NULL, NULL, NULL, NULL, NULL, NULL, 0, 0, 2, '1', NULL, NULL),
(92, 'Bacteremia2', 1, 4, NULL, NULL, NULL, NULL, NULL, NULL, NULL, NULL, NULL, NULL, NULL, NULL, NULL, NULL, 0, 0, 2, '1', NULL, NULL),
(93, 'SEPSIS2', 2, 4, 88, '2026-09-13 01:30:00', NULL, NULL, NULL, NULL, NULL, NULL, NULL, NULL, NULL, NULL, NULL, NULL, 1, 0, 2, '1', NULL, NULL),
(94, 'SepticShock2', 3, 4, NULL, NULL, NULL, NULL, NULL, NULL, NULL, NULL, NULL, NULL, NULL, NULL, NULL, NULL, 1, 0, 2, '1', NULL, NULL),
(95, 'SEPSIS2', 2, 4, NULL, NULL, NULL, NULL, NULL, NULL, NULL, NULL, NULL, NULL, NULL, NULL, NULL, NULL, 1, 0, 2, '1', NULL, NULL),
(96, 'SepticShock2', 3, 4, NULL, NULL, NULL, NULL, NULL, NULL, NULL, NULL, NULL, NULL, NULL, NULL, NULL, NULL, 1, 0, 2, '1', NULL, NULL),
(97, 'Bacteremia2', 1, 4, 90, '2027-09-13 01:00:00', NULL, NULL, NULL, NULL, NULL, NULL, NULL, NULL, NULL, NULL, NULL, NULL, 0, 0, 2, '1', NULL, NULL),
(98, 'SEPSIS2', 2, 4, 97, '2027-09-13 01:45:00', NULL, NULL, NULL, NULL, NULL, NULL, NULL, NULL, NULL, NULL, NULL, NULL, 1, 0, 2, '1', NULL, NULL),
(99, 'SEPSIS2', 3, 4, NULL, NULL, NULL, NULL, NULL, NULL, NULL, NULL, NULL, NULL, NULL, NULL, NULL, NULL, 1, 0, 2, '1', NULL, NULL),
(100, 'SepticShock2', 3, 4, NULL, NULL, NULL, NULL, NULL, NULL, NULL, NULL, NULL, NULL, NULL, NULL, NULL, NULL, 1, 0, 2, '1', NULL, NULL),
(101, 'Bacteremia2', 1, 4, 87, '2029-09-12 19:00:00', NULL, NULL, NULL, NULL, NULL, NULL, NULL, NULL, NULL, NULL, NULL, NULL, 0, 0, 2, '1', NULL, NULL),
(102, 'SEPSIS2', 2, 4, 87, '2029-09-12 19:00:00', NULL, NULL, NULL, NULL, NULL, NULL, NULL, NULL, NULL, NULL, NULL, NULL, 1, 0, 2, '1', NULL, NULL),
(103, 'Bacteremia2', 1, 4, 87, '2029-09-12 20:00:00', NULL, NULL, NULL, NULL, NULL, NULL, NULL, NULL, NULL, NULL, NULL, NULL, 0, 0, 2, '1', NULL, NULL),
(104, 'SEPSIS2', 2, 4, 86, '2029-09-12 21:20:00', NULL, NULL, NULL, NULL, NULL, NULL, NULL, NULL, NULL, NULL, NULL, NULL, 1, 0, 2, '1', NULL, NULL),
(105, 'SEPSIS2', 2, 4, NULL, NULL, NULL, NULL, NULL, NULL, NULL, NULL, NULL, NULL, NULL, NULL, NULL, NULL, 1, 0, 2, '1', NULL, NULL),
(106, 'Bacteremia2', 1, 4, 90, '2029-09-12 22:00:00', NULL, NULL, NULL, NULL, NULL, NULL, NULL, NULL, NULL, NULL, NULL, NULL, 0, 0, 2, '1', NULL, NULL),
(107, 'SEPSIS2', 2, 4, 94, '2029-09-12 22:10:00', NULL, NULL, NULL, NULL, NULL, NULL, NULL, NULL, NULL, NULL, NULL, NULL, 1, 0, 2, '1', NULL, NULL),
(108, 'SepticShock2', 2, 4, NULL, NULL, NULL, NULL, NULL, NULL, NULL, NULL, NULL, NULL, NULL, NULL, NULL, NULL, 1, 0, 2, '1', NULL, NULL),
(109, 'Bacteremia2', 1, 4, 87, '2029-09-12 22:35:00', NULL, NULL, NULL, NULL, NULL, NULL, NULL, NULL, NULL, NULL, NULL, NULL, 0, 0, 2, '1', NULL, NULL),
(110, 'SEPSIS2', 2, 4, 87, '2029-09-12 22:40:00', NULL, NULL, NULL, NULL, NULL, NULL, NULL, NULL, NULL, NULL, NULL, NULL, 1, 0, 2, '1', NULL, NULL),
(111, 'Bacteremia2', 1, 4, 89, '2029-09-12 23:30:00', NULL, NULL, NULL, NULL, NULL, NULL, NULL, NULL, NULL, NULL, NULL, NULL, 0, 0, 2, '1', NULL, NULL),
(112, 'SEPSIS2', 2, 4, 90, '2029-09-12 23:40:00', NULL, NULL, NULL, NULL, NULL, NULL, NULL, NULL, NULL, NULL, NULL, NULL, 1, 0, 2, '1', NULL, NULL),
(113, 'SEPSIS2', 3, 4, NULL, NULL, NULL, NULL, NULL, NULL, NULL, NULL, NULL, NULL, NULL, NULL, NULL, NULL, 1, 0, 2, '1', NULL, NULL),
(114, 'SepticShock2', 2, 4, NULL, NULL, NULL, NULL, NULL, NULL, NULL, NULL, NULL, NULL, NULL, NULL, NULL, NULL, 1, 0, 2, '1', NULL, NULL),
(115, 'Bacteremia2', 1, 4, 88, '2029-09-13 00:30:00', NULL, NULL, NULL, NULL, NULL, NULL, NULL, NULL, NULL, NULL, NULL, NULL, 0, 0, 2, '1', NULL, NULL),
(116, 'SEPSIS2', 2, 4, 91, '2029-09-13 01:00:00', NULL, NULL, NULL, NULL, NULL, NULL, NULL, NULL, NULL, NULL, NULL, NULL, 1, 0, 2, '1', NULL, NULL),
(117, 'Bacteremia2', 1, 4, 90, '2029-09-13 02:30:00', NULL, NULL, NULL, NULL, NULL, NULL, NULL, NULL, NULL, NULL, NULL, NULL, 0, 0, 2, '1', NULL, NULL),
(118, 'SEPSIS2', 2, 4, 94, '2029-09-13 03:00:00', NULL, NULL, NULL, NULL, NULL, NULL, NULL, NULL, NULL, NULL, NULL, NULL, 1, 0, 2, '1', NULL, NULL),
(119, 'Bacteremia2', 1, 4, 89, '2029-09-13 04:00:00', NULL, NULL, NULL, NULL, NULL, NULL, NULL, NULL, NULL, NULL, NULL, NULL, 0, 0, 2, '1', NULL, NULL),
(120, 'SEPSIS2', 2, 4, 89, '2029-09-13 04:00:00', NULL, NULL, NULL, NULL, NULL, NULL, NULL, NULL, NULL, NULL, NULL, NULL, 1, 0, 2, '1', NULL, NULL),
(121, 'Bacteremia2', 1, 4, 90, '2030-09-12 12:00:00', NULL, NULL, NULL, NULL, NULL, NULL, NULL, NULL, NULL, NULL, NULL, NULL, 0, 0, 2, '1', NULL, NULL),
(122, 'SEPSIS2', 2, 4, 90, '2030-09-12 12:00:00', NULL, NULL, NULL, NULL, NULL, NULL, NULL, NULL, NULL, NULL, NULL, NULL, 1, 0, 2, '1', NULL, NULL),
(123, 'SIRS2', 2, 4, NULL, NULL, NULL, NULL, NULL, NULL, NULL, NULL, NULL, NULL, NULL, NULL, NULL, NULL, 1, 0, 2, 'culture', NULL, NULL),
(124, 'No SIRS2', 1, 4, 86, '2030-09-12 14:00:00', NULL, NULL, NULL, NULL, NULL, NULL, NULL, NULL, NULL, NULL, NULL, NULL, 0, 0, 2, NULL, NULL, NULL),
(125, 'SIRS2', 2, 4, 88, '2030-09-12 17:41:00', NULL, NULL, NULL, NULL, NULL, NULL, NULL, NULL, NULL, NULL, NULL, NULL, 1, 0, 2, NULL, NULL, NULL),
(126, 'No SIRS2', 1, 4, 83, '2030-09-12 21:00:00', NULL, NULL, NULL, NULL, NULL, NULL, NULL, NULL, NULL, NULL, NULL, NULL, 0, 0, 2, NULL, NULL, NULL),
(127, 'SIRS2', 2, 4, 83, '2030-09-12 21:00:00', NULL, NULL, NULL, NULL, NULL, NULL, NULL, NULL, NULL, NULL, NULL, NULL, 1, 0, 2, NULL, NULL, NULL),
(128, 'No SIRS2', 1, 4, 82, '2030-09-12 22:00:00', NULL, NULL, NULL, NULL, NULL, NULL, NULL, NULL, NULL, NULL, NULL, NULL, 0, 0, 2, NULL, NULL, NULL),
(129, 'No SIRS2', 1, 4, NULL, NULL, NULL, NULL, NULL, NULL, NULL, NULL, NULL, NULL, NULL, NULL, NULL, NULL, NULL, NULL, NULL, NULL, NULL, NULL),
(130, 'No SIRS2', 1, 4, NULL, NULL, NULL, NULL, NULL, NULL, NULL, NULL, NULL, NULL, NULL, NULL, NULL, NULL, 0, 0, 2, NULL, NULL, NULL),
(131, 'SIRS2', 2, 4, 83, '2030-09-13 02:16:00', NULL, NULL, NULL, NULL, NULL, NULL, NULL, NULL, NULL, NULL, NULL, NULL, 1, 0, 2, NULL, NULL, NULL),
(132, 'No SIRS2', 1, 4, 82, '2030-09-13 03:48:00', NULL, NULL, NULL, NULL, NULL, NULL, NULL, NULL, NULL, NULL, NULL, NULL, 0, 0, 2, NULL, NULL, NULL),
(133, 'No SIRS2', 1, 4, NULL, NULL, NULL, NULL, NULL, NULL, NULL, NULL, NULL, NULL, NULL, NULL, NULL, NULL, 0, 0, 2, NULL, NULL, NULL),
(134, 'SIRS2', 2, 4, 93, '0000-00-00 00:00:00', NULL, NULL, NULL, NULL, NULL, NULL, NULL, NULL, NULL, NULL, NULL, NULL, 1, 0, 2, NULL, NULL, NULL),
(135, 'SepticShockSIRS2', 2, 4, NULL, NULL, NULL, NULL, NULL, NULL, NULL, NULL, NULL, NULL, NULL, NULL, NULL, NULL, 1, 0, 2, NULL, NULL, NULL),
(136, 'SIRS2', 2, 4, NULL, NULL, NULL, NULL, NULL, NULL, NULL, NULL, NULL, NULL, NULL, NULL, NULL, NULL, 1, 0, 2, NULL, NULL, NULL),
(137, 'No SIRS2', 1, 4, 88, '0000-00-00 00:00:00', NULL, NULL, NULL, NULL, NULL, NULL, NULL, NULL, NULL, NULL, NULL, NULL, 0, 0, 2, NULL, NULL, NULL),
(138, 'SIRS2', 2, 4, 88, '0000-00-00 00:00:00', NULL, NULL, NULL, NULL, NULL, NULL, NULL, NULL, NULL, NULL, NULL, NULL, 1, 0, 2, NULL, NULL, NULL),
(139, 'SepticShockSIRS2', 2, 4, NULL, NULL, NULL, NULL, NULL, NULL, NULL, NULL, NULL, NULL, NULL, NULL, NULL, NULL, 1, 0, 2, NULL, NULL, NULL),
(140, 'No SIRS2', 1, 4, 90, '0000-00-00 00:00:00', NULL, NULL, NULL, NULL, NULL, NULL, NULL, NULL, NULL, NULL, NULL, NULL, 0, 0, 2, NULL, NULL, NULL),
(141, 'No SIRS2', 1, 4, NULL, NULL, NULL, NULL, NULL, NULL, NULL, NULL, NULL, NULL, NULL, NULL, NULL, NULL, 0, 0, 2, NULL, NULL, NULL),
(142, 'SIRS2', 2, 4, 90, '0000-00-00 00:00:00', NULL, NULL, NULL, NULL, NULL, NULL, NULL, NULL, NULL, NULL, NULL, NULL, 1, 0, 2, NULL, NULL, NULL),
(143, 'No SIRS2', 1, 4, 90, '0000-00-00 00:00:00', NULL, NULL, NULL, NULL, NULL, NULL, NULL, NULL, NULL, NULL, NULL, NULL, 0, 0, 2, NULL, NULL, NULL),
(144, 'SIRS2', 2, 4, 90, '0000-00-00 00:00:00', NULL, NULL, NULL, NULL, NULL, NULL, NULL, NULL, NULL, NULL, NULL, NULL, 1, 0, 2, NULL, NULL, NULL),
(145, 'No SIRS2', 1, 4, 90, '0000-00-00 00:00:00', NULL, NULL, NULL, NULL, NULL, NULL, NULL, NULL, NULL, NULL, NULL, NULL, 0, 0, 2, NULL, NULL, NULL),
(146, 'SIRS2', 2, 4, 90, '0000-00-00 00:00:00', NULL, NULL, NULL, NULL, NULL, NULL, NULL, NULL, NULL, NULL, NULL, NULL, 1, 0, 2, NULL, NULL, NULL),
(147, 'SIRS2', 3, 4, NULL, NULL, NULL, NULL, NULL, NULL, NULL, NULL, NULL, NULL, NULL, NULL, NULL, NULL, 1, 0, 2, 'culture', NULL, NULL),
(148, 'SepticShockSIRS2', 3, 4, NULL, NULL, NULL, NULL, NULL, NULL, NULL, NULL, NULL, NULL, NULL, NULL, NULL, NULL, 1, 0, 2, NULL, NULL, NULL),
(149, 'No SIRS2', 1, 4, 90, '0000-00-00 00:00:00', NULL, NULL, NULL, NULL, NULL, NULL, NULL, NULL, NULL, NULL, NULL, NULL, 0, 0, 2, NULL, NULL, NULL),
(150, 'SIRS2', 2, 4, 94, '0000-00-00 00:00:00', NULL, NULL, NULL, NULL, NULL, NULL, NULL, NULL, NULL, NULL, NULL, NULL, 1, 0, 2, NULL, NULL, NULL),
(151, 'SIRS2', 2, 4, NULL, NULL, NULL, NULL, NULL, NULL, NULL, NULL, NULL, NULL, NULL, NULL, NULL, NULL, 1, 0, 2, NULL, NULL, NULL),
(152, 'SepticShockSIRS2', 2, 4, NULL, NULL, NULL, NULL, NULL, NULL, NULL, NULL, NULL, NULL, NULL, NULL, NULL, NULL, 1, 0, 2, NULL, NULL, NULL),
(153, 'SIRS2', 2, 4, NULL, NULL, NULL, NULL, NULL, NULL, NULL, NULL, NULL, NULL, NULL, NULL, NULL, NULL, 1, 0, 2, 'culture', NULL, NULL),
(154, 'No SIRS2', 1, 4, 80, '0000-00-00 00:00:00', NULL, NULL, NULL, NULL, NULL, NULL, NULL, NULL, NULL, NULL, NULL, NULL, 0, 0, 2, NULL, NULL, NULL),
(155, 'SIRS2', 2, 4, 83, '0000-00-00 00:00:00', NULL, NULL, NULL, NULL, NULL, NULL, NULL, NULL, NULL, NULL, NULL, NULL, 1, 0, 2, NULL, NULL, NULL),
(156, 'No SIRS2', 1, 4, 82, '0000-00-00 00:00:00', NULL, NULL, NULL, NULL, NULL, NULL, NULL, NULL, NULL, NULL, NULL, NULL, 0, 0, 2, NULL, NULL, NULL),
(157, 'SIRS2', 2, 4, 87, '0000-00-00 00:00:00', NULL, NULL, NULL, NULL, NULL, NULL, NULL, NULL, NULL, NULL, NULL, NULL, 1, 0, 2, NULL, NULL, NULL),
(158, 'No SIRS2', 1, 4, 81, '0000-00-00 00:00:00', NULL, NULL, NULL, NULL, NULL, NULL, NULL, NULL, NULL, NULL, NULL, NULL, 0, 0, 2, NULL, NULL, NULL),
(159, 'SIRS2', 2, 4, 82, '0000-00-00 00:00:00', NULL, NULL, NULL, NULL, NULL, NULL, NULL, NULL, NULL, NULL, NULL, NULL, 1, 0, 2, NULL, NULL, NULL),
(160, 'No SIRS2', 1, 4, 84, '0000-00-00 00:00:00', NULL, NULL, NULL, NULL, NULL, NULL, NULL, NULL, NULL, NULL, NULL, NULL, 0, 0, 2, NULL, NULL, NULL),
(161, 'SIRS2', 2, 4, 84, '0000-00-00 00:00:00', NULL, NULL, NULL, NULL, NULL, NULL, NULL, NULL, NULL, NULL, NULL, NULL, 1, 0, 2, NULL, NULL, NULL),
(162, 'No SIRS2', 1, 4, 83, '0000-00-00 00:00:00', NULL, NULL, NULL, NULL, NULL, NULL, NULL, NULL, NULL, NULL, NULL, NULL, 0, 0, 2, NULL, NULL, NULL),
(163, 'SIRS2', 2, 4, 78, '0000-00-00 00:00:00', NULL, NULL, NULL, NULL, NULL, NULL, NULL, NULL, NULL, NULL, NULL, NULL, 1, 0, 2, NULL, NULL, NULL),
(164, 'No SIRS2', 1, 4, 76, '0000-00-00 00:00:00', NULL, NULL, NULL, NULL, NULL, NULL, NULL, NULL, NULL, NULL, NULL, NULL, 0, 0, 2, NULL, NULL, NULL),
(165, 'SIRS2', 2, 4, 80, '0000-00-00 00:00:00', NULL, NULL, NULL, NULL, NULL, NULL, NULL, NULL, NULL, NULL, NULL, NULL, 1, 0, 2, NULL, NULL, NULL),
(166, 'No SIRS2', 1, 4, 80, '0000-00-00 00:00:00', NULL, NULL, NULL, NULL, NULL, NULL, NULL, NULL, NULL, NULL, NULL, NULL, 0, 0, 2, NULL, NULL, NULL),
(167, 'SIRS2', 2, 4, 81, '0000-00-00 00:00:00', NULL, NULL, NULL, NULL, NULL, NULL, NULL, NULL, NULL, NULL, NULL, NULL, 1, 0, 2, NULL, NULL, NULL),
(168, 'No SIRS2', 1, 4, 78, '0000-00-00 00:00:00', NULL, NULL, NULL, NULL, NULL, NULL, NULL, NULL, NULL, NULL, NULL, NULL, 0, 0, 2, NULL, NULL, NULL),
(169, 'SIRS2', 2, 4, 72, '0000-00-00 00:00:00', NULL, NULL, NULL, NULL, NULL, NULL, NULL, NULL, NULL, NULL, NULL, NULL, 1, 0, 2, NULL, NULL, NULL),
(170, 'No SIRS2', 1, 4, 85, '0000-00-00 00:00:00', NULL, NULL, NULL, NULL, NULL, NULL, NULL, NULL, NULL, NULL, NULL, NULL, 0, 0, 2, NULL, NULL, NULL),
(171, 'SIRS2', 2, 4, 89, '0000-00-00 00:00:00', NULL, NULL, NULL, NULL, NULL, NULL, NULL, NULL, NULL, NULL, NULL, NULL, 1, 0, 2, NULL, NULL, NULL),
(172, 'No SIRS2', 1, 4, 81, '0000-00-00 00:00:00', NULL, NULL, NULL, NULL, NULL, NULL, NULL, NULL, NULL, NULL, NULL, NULL, 0, 0, 2, NULL, NULL, NULL),
(173, 'SIRS2', 2, 4, 85, '0000-00-00 00:00:00', NULL, NULL, NULL, NULL, NULL, NULL, NULL, NULL, NULL, NULL, NULL, NULL, 1, 0, 2, NULL, NULL, NULL),
(174, 'No SIRS2', 1, 4, 87, '0000-00-00 00:00:00', NULL, NULL, NULL, NULL, NULL, NULL, NULL, NULL, NULL, NULL, NULL, NULL, 0, 0, 2, NULL, NULL, NULL),
(175, 'SIRS2', 2, 4, 87, '0000-00-00 00:00:00', NULL, NULL, NULL, NULL, NULL, NULL, NULL, NULL, NULL, NULL, NULL, NULL, 1, 0, 2, NULL, NULL, NULL),
(176, 'No SIRS2', 1, 4, 87, '0000-00-00 00:00:00', NULL, NULL, NULL, NULL, NULL, NULL, NULL, NULL, NULL, NULL, NULL, NULL, 0, 0, 2, NULL, NULL, NULL),
(177, 'SIRS2', 2, 4, 92, '0000-00-00 00:00:00', NULL, NULL, NULL, NULL, NULL, NULL, NULL, NULL, NULL, NULL, NULL, NULL, 1, 0, 2, NULL, NULL, NULL),
(178, 'No SIRS2', 1, 4, 88, '0000-00-00 00:00:00', NULL, NULL, NULL, NULL, NULL, NULL, NULL, NULL, NULL, NULL, NULL, NULL, 0, 0, 2, NULL, NULL, NULL),
(179, 'SIRS2', 2, 4, 88, '0000-00-00 00:00:00', NULL, NULL, NULL, NULL, NULL, NULL, NULL, NULL, NULL, NULL, NULL, NULL, 1, 0, 2, NULL, NULL, NULL),
(180, 'No SIRS2', 1, 4, 88, '0000-00-00 00:00:00', NULL, NULL, NULL, NULL, NULL, NULL, NULL, NULL, NULL, NULL, NULL, NULL, 0, 0, 2, NULL, NULL, NULL),
(181, 'SIRS2', 2, 4, 91, '0000-00-00 00:00:00', NULL, NULL, NULL, NULL, NULL, NULL, NULL, NULL, NULL, NULL, NULL, NULL, 1, 0, 2, NULL, NULL, NULL),
(182, 'SIRS2', 2, 4, NULL, NULL, NULL, NULL, NULL, NULL, NULL, NULL, NULL, NULL, NULL, NULL, NULL, NULL, 1, 0, 2, 'culture', NULL, NULL),
(183, 'No SIRS2', 1, 4, 82, '0000-00-00 00:00:00', NULL, NULL, NULL, NULL, NULL, NULL, NULL, NULL, NULL, NULL, NULL, NULL, 0, 0, 2, NULL, NULL, NULL),
(184, 'SIRS2', 2, 4, 78, '0000-00-00 00:00:00', NULL, NULL, NULL, NULL, NULL, NULL, NULL, NULL, NULL, NULL, NULL, NULL, 1, 0, 2, NULL, NULL, NULL),
(185, 'No SIRS2', 1, 4, 72, '0000-00-00 00:00:00', NULL, NULL, NULL, NULL, NULL, NULL, NULL, NULL, NULL, NULL, NULL, NULL, 0, 0, 2, NULL, NULL, NULL),
(186, 'SIRS2', 2, 4, 74, '0000-00-00 00:00:00', NULL, NULL, NULL, NULL, NULL, NULL, NULL, NULL, NULL, NULL, NULL, NULL, 1, 0, 2, NULL, NULL, NULL),
(187, 'No SIRS2', 1, 4, 75, '0000-00-00 00:00:00', NULL, NULL, NULL, NULL, NULL, NULL, NULL, NULL, NULL, NULL, NULL, NULL, 0, 0, 2, NULL, NULL, NULL),
(188, 'SIRS2', 2, 4, 86, '0000-00-00 00:00:00', NULL, NULL, NULL, NULL, NULL, NULL, NULL, NULL, NULL, NULL, NULL, NULL, 1, 0, 2, NULL, NULL, NULL),
(189, 'No SIRS2', 1, 4, 79, '0000-00-00 00:00:00', NULL, NULL, NULL, NULL, NULL, NULL, NULL, NULL, NULL, NULL, NULL, NULL, 0, 0, 2, NULL, NULL, NULL),
(190, 'SIRS2', 2, 4, 84, '0000-00-00 00:00:00', NULL, NULL, NULL, NULL, NULL, NULL, NULL, NULL, NULL, NULL, NULL, NULL, 1, 0, 2, NULL, NULL, NULL),
(191, 'No SIRS2', 1, 4, 84, '0000-00-00 00:00:00', NULL, NULL, NULL, NULL, NULL, NULL, NULL, NULL, NULL, NULL, NULL, NULL, 0, 0, 2, NULL, NULL, NULL),
(192, 'SIRS2', 2, 4, 91, '0000-00-00 00:00:00', NULL, NULL, NULL, NULL, NULL, NULL, NULL, NULL, NULL, NULL, NULL, NULL, 1, 0, 2, NULL, NULL, NULL),
(193, 'No SIRS2', 1, 4, 84, '0000-00-00 00:00:00', NULL, NULL, NULL, NULL, NULL, NULL, NULL, NULL, NULL, NULL, NULL, NULL, 0, 0, 2, NULL, NULL, NULL),
(194, 'No SIRS2', 1, 4, NULL, NULL, NULL, NULL, NULL, NULL, NULL, NULL, NULL, NULL, NULL, NULL, NULL, NULL, 0, 0, 2, 'culture', NULL, NULL),
(195, 'SIRS2', 2, 4, 91, '0000-00-00 00:00:00', NULL, NULL, NULL, NULL, NULL, NULL, NULL, NULL, NULL, NULL, NULL, NULL, 1, 0, 2, NULL, NULL, NULL),
(196, 'No SIRS2', 1, 4, 75, '0000-00-00 00:00:00', NULL, NULL, NULL, NULL, NULL, NULL, NULL, NULL, NULL, NULL, NULL, NULL, 0, 0, 2, NULL, NULL, NULL),
(197, 'SIRS2', 2, 4, 82, '2015-10-12 15:25:00', NULL, NULL, NULL, NULL, NULL, NULL, NULL, NULL, NULL, NULL, NULL, NULL, 1, 0, 2, NULL, NULL, NULL),
(198, 'No SIRS2', 1, 4, 88, '2015-10-12 18:40:00', NULL, NULL, NULL, NULL, NULL, NULL, NULL, NULL, NULL, NULL, NULL, NULL, 0, 0, 2, NULL, NULL, NULL),
(199, 'SIRS2', 2, 4, 83, '2017-10-13 00:25:00', NULL, NULL, NULL, NULL, NULL, NULL, NULL, NULL, NULL, NULL, NULL, NULL, 1, 0, 2, NULL, NULL, NULL),
(200, 'No SIRS2', 1, 4, 87, '2018-10-12 05:00:00', NULL, NULL, NULL, NULL, NULL, NULL, NULL, NULL, NULL, NULL, NULL, NULL, 0, 0, 2, NULL, NULL, NULL),
(201, 'Bacteremia2', NULL, NULL, NULL, NULL, NULL, NULL, NULL, NULL, NULL, NULL, NULL, NULL, NULL, NULL, NULL, NULL, 0, 0, 2, '1', 'culture', 'PENICILLIUM SPECIES'),
(202, 'No SIRS2', NULL, NULL, NULL, NULL, NULL, NULL, NULL, NULL, NULL, NULL, NULL, NULL, NULL, NULL, NULL, NULL, 0, 0, 2, 'culture', 'CANDIDA ALBICANS', NULL),
(203, 'SepticShockSIRS2', 2, 4, 83, '2017-10-13 00:25:00', NULL, NULL, NULL, NULL, NULL, NULL, NULL, NULL, NULL, NULL, NULL, NULL, 1, 0, 2, NULL, NULL, NULL),
(204, 'SIRS2', 0, 4, 88, '2017-10-13 00:25:00', NULL, NULL, NULL, NULL, NULL, NULL, NULL, NULL, NULL, NULL, NULL, NULL, 2, 0, 2, NULL, NULL, NULL);

-- --------------------------------------------------------

--
-- Table structure for table `vitals`
--

CREATE TABLE IF NOT EXISTS `vitals` (
  `id` int(11) NOT NULL AUTO_INCREMENT,
  `patientID` int(11) NOT NULL,
  `stateID` int(11) NOT NULL,
  `Temperature` decimal(5,2) DEFAULT NULL,
  `Temp_Time` timestamp NULL DEFAULT NULL,
  `Respiratory` double(3,1) DEFAULT NULL,
  `Resp_Time` timestamp NULL DEFAULT NULL,
  `WBC` double(4,1) DEFAULT NULL,
  `WBC_Time` timestamp NULL DEFAULT NULL,
  `SBP` double(4,1) DEFAULT NULL,
  `SBP_Time` timestamp NULL DEFAULT NULL,
  `MAP` int(3) DEFAULT NULL,
  `MAP_Time` timestamp NULL DEFAULT NULL,
  `bacteria_in_blood` enum('YES','NO') COLLATE utf8_unicode_ci NOT NULL DEFAULT 'NO',
  PRIMARY KEY (`id`)
) ENGINE=MyISAM  DEFAULT CHARSET=utf8 COLLATE=utf8_unicode_ci AUTO_INCREMENT=112 ;

--
-- Dumping data for table `vitals`
--

INSERT INTO `vitals` (`id`, `patientID`, `stateID`, `Temperature`, `Temp_Time`, `Respiratory`, `Resp_Time`, `WBC`, `WBC_Time`, `SBP`, `SBP_Time`, `MAP`, `MAP_Time`, `bacteria_in_blood`) VALUES
(1, 2, 203, '98.00', NULL, 2.5, NULL, 24.0, NULL, 40.5, NULL, 59, NULL, 'NO'),
(2, 2, 203, '100.58', NULL, 18.0, NULL, 15.8, NULL, 42.2, NULL, 70, NULL, 'NO'),
(3, 2, 203, '98.00', NULL, 2.5, NULL, 24.5, NULL, 42.5, NULL, 59, NULL, 'NO'),
(4, 2, 203, '97.88', NULL, 21.0, NULL, 27.8, NULL, 40.1, NULL, 65, NULL, 'NO'),
(5, 2, 204, '96.80', NULL, 22.0, NULL, 16.6, NULL, 38.0, NULL, 77, NULL, 'NO'),
(6, 2, 204, '99.75', NULL, 20.0, NULL, 25.8, NULL, 38.2, NULL, 75, NULL, 'NO'),
(7, 2, 204, '98.40', NULL, 21.0, NULL, 14.7, NULL, 40.2, NULL, 75, NULL, 'NO'),
(8, 2, 203, '96.80', NULL, 18.0, NULL, 33.7, NULL, 41.0, NULL, 58, NULL, 'NO'),
(9, 2, 203, '97.30', NULL, 19.0, NULL, 19.3, NULL, 42.0, NULL, 62, NULL, 'NO'),
(10, 2, 203, '98.78', NULL, 14.0, NULL, 23.0, NULL, 45.0, NULL, 71, NULL, 'NO'),
(22, 1, 2, '97.00', NULL, 18.0, NULL, 15.8, NULL, 42.0, NULL, 70, NULL, 'NO'),
(12, 1, 2, '97.00', NULL, 18.0, NULL, 15.8, NULL, 47.0, NULL, 70, NULL, 'NO'),
(13, 1, 2, '99.00', NULL, 19.0, NULL, 22.5, NULL, 42.0, NULL, 59, NULL, 'NO'),
(14, 1, 2, '100.88', NULL, 21.0, NULL, 23.8, NULL, 42.7, NULL, 65, NULL, 'NO'),
(15, 1, 2, '96.80', NULL, 22.0, NULL, 16.6, NULL, 42.8, NULL, 77, NULL, 'NO'),
(62, 3, 34, '97.00', NULL, 1.0, NULL, 1.0, NULL, 43.0, NULL, 61, NULL, 'NO'),
(17, 1, 3, '100.40', NULL, 21.0, NULL, 22.5, NULL, 41.0, NULL, 75, NULL, 'NO'),
(18, 1, 3, '102.80', NULL, 18.0, NULL, 23.7, NULL, 45.0, NULL, 58, NULL, 'NO'),
(19, 1, 3, '103.30', NULL, 19.0, NULL, 19.3, NULL, 42.0, NULL, 62, NULL, 'NO'),
(20, 1, 4, '101.78', NULL, 14.0, NULL, 23.0, NULL, 42.0, NULL, 71, NULL, 'NO'),
(21, 1, 4, '100.04', NULL, 20.0, NULL, 19.4, NULL, 43.0, NULL, 85, NULL, 'NO'),
(71, 3, 115, '100.04', NULL, 17.0, NULL, 18.1, NULL, 42.0, NULL, 63, NULL, 'YES'),
(70, 3, 115, '101.78', NULL, 17.0, NULL, 18.4, NULL, 41.0, NULL, 61, NULL, 'YES'),
(69, 3, 115, '103.30', NULL, 18.0, NULL, 18.3, NULL, 42.0, NULL, 62, NULL, 'YES'),
(68, 3, 115, '102.80', NULL, 17.0, NULL, 18.1, NULL, 43.0, NULL, 64, NULL, 'YES'),
(67, 3, 34, '100.40', NULL, 1.4, NULL, 1.0, NULL, 46.0, NULL, 61, NULL, 'NO'),
(66, 3, 34, '97.75', NULL, 1.2, NULL, 1.0, NULL, 45.0, NULL, 59, NULL, 'NO'),
(65, 3, 34, '96.80', NULL, 2.5, NULL, 1.1, NULL, 43.0, NULL, 61, NULL, 'NO'),
(64, 3, 34, '100.88', NULL, 2.1, NULL, 1.5, NULL, 41.0, NULL, 63, NULL, 'NO'),
(63, 3, 34, '99.00', NULL, 2.0, NULL, 1.4, NULL, 40.0, NULL, 59, NULL, 'NO'),
(91, 4, 200, '99.04', NULL, 20.0, NULL, 15.1, NULL, 42.0, NULL, 63, NULL, 'NO'),
(90, 4, 200, '97.78', NULL, 19.8, NULL, 15.4, NULL, 48.0, NULL, 61, NULL, 'NO'),
(89, 4, 200, '98.30', NULL, 20.0, NULL, 16.3, NULL, 42.0, NULL, 62, NULL, 'NO'),
(88, 4, 200, '97.80', NULL, 21.0, NULL, 15.7, NULL, 47.0, NULL, 64, NULL, 'NO'),
(87, 4, 200, '98.40', NULL, 20.4, NULL, 14.6, NULL, 41.0, NULL, 61, NULL, 'NO'),
(86, 4, 200, '98.75', NULL, 22.2, NULL, 15.6, NULL, 42.0, NULL, 59, NULL, 'NO'),
(85, 4, 200, '96.80', NULL, 21.5, NULL, 14.1, NULL, 48.0, NULL, 61, NULL, 'NO'),
(84, 4, 200, '99.88', NULL, 20.1, NULL, 15.5, NULL, 41.0, NULL, 63, NULL, 'NO'),
(83, 4, 200, '98.80', NULL, 21.0, NULL, 15.4, NULL, 45.0, NULL, 59, NULL, 'NO'),
(82, 4, 200, '97.00', NULL, 20.0, NULL, 15.0, NULL, 46.0, NULL, 61, NULL, 'NO');

/*!40101 SET CHARACTER_SET_CLIENT=@OLD_CHARACTER_SET_CLIENT */;
/*!40101 SET CHARACTER_SET_RESULTS=@OLD_CHARACTER_SET_RESULTS */;
/*!40101 SET COLLATION_CONNECTION=@OLD_COLLATION_CONNECTION */;
